<?xml version="1.0" encoding="UTF-8"?>
<project-private xmlns="http://www.netbeans.org/ns/project-private/1">
    <editor-bookmarks xmlns="http://www.netbeans.org/ns/editor-bookmarks/2" lastBookmarkId="0"/>
    <open-files xmlns="http://www.netbeans.org/ns/projectui-open-files/2">
        <group>
            <file>file:/D:/Coding/C/Summer2021/PRO/Assignment%20-%20Extra/ProjectForDog/src/IDog.java</file>
            <file>file:/D:/Coding/C/Summer2021/PRO/Assignment%20-%20Extra/ProjectForDog/src/IOFile.java</file>
            <file>file:/D:/Coding/C/Summer2021/PRO/Assignment%20-%20Extra/ProjectForDog/src/MainPetDog.java</file>
        </group>
    </open-files>
</project-private>
